Task,0.0,1,1,Read
Server,3.220020294189453,1,1,4,20
Task,3.220020294189453,2,2,Read
Task,7.81406044960022,2,2,Failed
Server,7.81406044960022,2,1,4,20
Server,7.81406044960022,3,1,4,20
Server,7.81406044960022,4,1,4,20
Task,7.81406044960022,5,1,Completed
Server,7.81406044960022,5,1,0,0
